date[YYYYDDD],date,product,band,min,max,sum,range,mean,variance,standard_deviation,tot_pixels,pixels_pass_qa,per_cent_pixels_pass_qa
A2015005,2015-01-05,MCD15A3H,Lai_500m,0.1000,3.6000,4910.8877,3.5000,1.5356,0.6807,0.8251,5329,3198,60.01
A2015009,2015-01-09,MCD15A3H,Lai_500m,0.1000,3.0000,4419.6011,2.9000,1.3863,0.6062,0.7786,5329,3188,59.82
A2015013,2015-01-13,MCD15A3H,Lai_500m,0.1000,2.3000,2247.7034,2.2000,0.8153,0.2704,0.5200,5329,2757,51.74
A2015017,2015-01-17,MCD15A3H,Lai_500m,0.1000,2.9000,4576.4067,2.8000,1.4310,0.6706,0.8189,5329,3198,60.01
A2015021,2015-01-21,MCD15A3H,Lai_500m,0.1000,3.1000,4510.2031,3.0000,1.4152,0.6520,0.8075,5329,3187,59.80
A2015025,2015-01-25,MCD15A3H,Lai_500m,0.1000,3.0000,4871.8979,2.9000,1.5244,0.7571,0.8701,5329,3196,59.97
A2015029,2015-01-29,MCD15A3H,Lai_500m,0.1000,3.3000,4609.1016,3.2000,1.4417,0.6532,0.8082,5329,3197,59.99
A2015033,2015-02-02,MCD15A3H,Lai_500m,0.1000,3.0000,4273.8164,2.9000,1.3364,0.6363,0.7977,5329,3198,60.01
A2015037,2015-02-06,MCD15A3H,Lai_500m,0.1000,3.7000,4547.0112,3.6000,1.4223,0.6795,0.8243,5329,3197,59.99
A2015041,2015-02-10,MCD15A3H,Lai_500m,0.1000,4.1000,5080.6123,4.0000,1.5887,0.9618,0.9807,5329,3198,60.01
A2015045,2015-02-14,MCD15A3H,Lai_500m,0.1000,5.1000,5008.5107,5.0000,1.5661,0.8523,0.9232,5329,3198,60.01
A2015049,2015-02-18,MCD15A3H,Lai_500m,0.1000,4.7000,5446.8926,4.6000,1.7043,1.1783,1.0855,5329,3196,59.97
A2015053,2015-02-22,MCD15A3H,Lai_500m,0.1000,3.1000,512.0011,3.0000,0.5511,0.3679,0.6066,5329,929,17.43
A2015057,2015-02-26,MCD15A3H,Lai_500m,0.1000,4.3000,3256.0144,4.2000,1.2739,1.4136,1.1889,5329,2556,47.96
A2015061,2015-03-02,MCD15A3H,Lai_500m,0.1000,4.0000,3137.6072,3.9000,1.0331,0.7228,0.8502,5329,3037,56.99
A2015065,2015-03-06,MCD15A3H,Lai_500m,0.1000,4.8000,5192.9106,4.7000,1.6243,1.0648,1.0319,5329,3197,59.99
A2015069,2015-03-10,MCD15A3H,Lai_500m,0.1000,4.8000,5440.5830,4.7000,1.7261,1.3979,1.1823,5329,3152,59.15
A2015073,2015-03-14,MCD15A3H,Lai_500m,0.1000,4.5000,5201.3892,4.4000,1.6270,1.0726,1.0356,5329,3197,59.99
A2015077,2015-03-18,MCD15A3H,Lai_500m,0.1000,6.5000,4734.1099,6.4000,1.6196,1.2810,1.1318,5329,2923,54.85
A2015081,2015-03-22,MCD15A3H,Lai_500m,0.1000,3.8000,396.5015,3.7000,0.3937,0.2401,0.4900,5329,1007,18.90
A2015085,2015-03-26,MCD15A3H,Lai_500m,0.1000,5.5000,6849.8936,5.4000,2.1794,2.3900,1.5460,5329,3143,58.98
A2015089,2015-03-30,MCD15A3H,Lai_500m,0.1000,6.2000,7290.4868,6.1000,2.3042,2.2284,1.4928,5329,3164,59.37
A2015093,2015-04-03,MCD15A3H,Lai_500m,0.1000,6.1000,6332.9087,6.0000,1.9997,1.3671,1.1692,5329,3167,59.43
A2015097,2015-04-07,MCD15A3H,Lai_500m,0.1000,6.6000,9231.5117,6.5000,2.9057,3.2948,1.8152,5329,3177,59.62
A2015101,2015-04-11,MCD15A3H,Lai_500m,0.1000,0.8000,42.7000,0.7000,0.1873,0.0056,0.0747,5329,228,4.28
A2015105,2015-04-15,MCD15A3H,Lai_500m,0.1000,6.6000,185.7001,6.5000,1.4285,3.8391,1.9594,5329,130,2.44
A2015109,2015-04-19,MCD15A3H,Lai_500m,0.1000,6.8000,11728.3955,6.7000,3.6709,3.6538,1.9115,5329,3195,59.95
A2015113,2015-04-23,MCD15A3H,Lai_500m,0.1000,6.9000,11380.9004,6.8000,3.6477,3.2797,1.8110,5329,3120,58.55
A2015117,2015-04-27,MCD15A3H,Lai_500m,0.1000,6.8000,12523.7188,6.7000,4.1538,4.0069,2.0017,5329,3015,56.58
A2015121,2015-05-01,MCD15A3H,Lai_500m,0.1000,6.8000,12495.6240,6.7000,4.0716,4.4552,2.1107,5329,3069,57.59
A2015125,2015-05-05,MCD15A3H,Lai_500m,0.1000,6.7000,8304.8281,6.6000,3.4261,5.7561,2.3992,5329,2424,45.49
A2015129,2015-05-09,MCD15A3H,Lai_500m,0.1000,6.8000,10979.2969,6.7000,3.7755,3.7396,1.9338,5329,2908,54.57
A2015133,2015-05-13,MCD15A3H,Lai_500m,0.1000,6.8000,11640.9219,6.7000,4.1724,4.2110,2.0521,5329,2790,52.36
A2015137,2015-05-17,MCD15A3H,Lai_500m,0.1000,6.8000,12761.5312,6.7000,4.2159,4.2041,2.0504,5329,3027,56.80
A2015141,2015-05-21,MCD15A3H,Lai_500m,0.1000,6.8000,12976.4980,6.7000,4.1833,4.5727,2.1384,5329,3102,58.21
A2015145,2015-05-25,MCD15A3H,Lai_500m,0.1000,6.9000,11470.8984,6.8000,3.7389,3.1525,1.7755,5329,3068,57.57
A2015149,2015-05-29,MCD15A3H,Lai_500m,0.1000,6.8000,10667.3164,6.7000,3.9465,4.9131,2.2165,5329,2703,50.72
A2015153,2015-06-02,MCD15A3H,Lai_500m,0.1000,6.8000,7763.4004,6.7000,3.0161,3.7298,1.9313,5329,2574,48.30
A2015157,2015-06-06,MCD15A3H,Lai_500m,0.1000,6.8000,10232.8848,6.7000,4.0574,4.4322,2.1053,5329,2522,47.33
A2015161,2015-06-10,MCD15A3H,Lai_500m,0.3000,6.8000,13125.3760,6.5000,4.1747,3.1538,1.7759,5329,3144,59.00
A2015165,2015-06-14,MCD15A3H,Lai_500m,0.2000,6.8000,14629.8262,6.6000,4.6429,3.8588,1.9644,5329,3151,59.13
A2015169,2015-06-18,MCD15A3H,Lai_500m,0.3000,6.9000,14298.8906,6.6000,4.6275,3.1397,1.7719,5329,3090,57.98
A2015173,2015-06-22,MCD15A3H,Lai_500m,0.2000,6.8000,12341.9902,6.6000,4.5308,4.6440,2.1550,5329,2724,51.12
A2015177,2015-06-26,MCD15A3H,Lai_500m,0.1000,6.8000,12453.6963,6.7000,4.2679,4.0591,2.0147,5329,2918,54.76
A2015181,2015-06-30,MCD15A3H,Lai_500m,0.1000,6.8000,10778.6426,6.7000,4.3046,3.7018,1.9240,5329,2504,46.99
A2015185,2015-07-04,MCD15A3H,Lai_500m,0.1000,6.8000,13382.7422,6.7000,4.3128,3.7477,1.9359,5329,3103,58.23
A2015189,2015-07-08,MCD15A3H,Lai_500m,0.1000,6.8000,14149.5752,6.7000,4.4342,3.6751,1.9170,5329,3191,59.88
A2015193,2015-07-12,MCD15A3H,Lai_500m,0.1000,6.8000,9867.1934,6.7000,3.8304,3.7426,1.9346,5329,2576,48.34
A2015197,2015-07-16,MCD15A3H,Lai_500m,0.1000,6.7000,9157.2100,6.6000,3.3604,3.8339,1.9580,5329,2725,51.14
A2015201,2015-07-20,MCD15A3H,Lai_500m,0.1000,6.9000,11911.1133,6.8000,3.8912,4.4064,2.0991,5329,3061,57.44
A2015205,2015-07-24,MCD15A3H,Lai_500m,0.1000,6.8000,12560.9004,6.7000,4.1156,3.4630,1.8609,5329,3052,57.27
A2015209,2015-07-28,MCD15A3H,Lai_500m,0.3000,6.6000,12377.1465,6.3000,4.0277,4.5019,2.1218,5329,3073,57.67
A2015213,2015-08-01,MCD15A3H,Lai_500m,0.1000,6.9000,5959.2095,6.8000,3.1119,5.5047,2.3462,5329,1915,35.94
A2015217,2015-08-05,MCD15A3H,Lai_500m,0.1000,6.9000,8868.4150,6.8000,3.2858,3.9252,1.9812,5329,2699,50.65
A2015221,2015-08-09,MCD15A3H,Lai_500m,0.1000,6.9000,12236.9248,6.8000,4.1355,3.8312,1.9573,5329,2959,55.53
A2015225,2015-08-13,MCD15A3H,Lai_500m,0.3000,6.9000,12902.1562,6.6000,4.1714,3.8412,1.9599,5329,3093,58.04
A2015229,2015-08-17,MCD15A3H,Lai_500m,0.1000,6.6000,4308.5049,6.5000,2.0935,3.9167,1.9791,5329,2058,38.62
A2015233,2015-08-21,MCD15A3H,Lai_500m,0.1000,6.9000,11949.1338,6.8000,3.8695,3.5495,1.8840,5329,3088,57.95
A2015237,2015-08-25,MCD15A3H,Lai_500m,0.1000,6.8000,8341.0098,6.7000,2.9063,4.0601,2.0150,5329,2870,53.86
A2015241,2015-08-29,MCD15A3H,Lai_500m,0.1000,6.6000,3469.0005,6.5000,1.7618,2.6379,1.6242,5329,1969,36.95
A2015245,2015-09-02,MCD15A3H,Lai_500m,0.1000,6.9000,10307.2090,6.8000,3.4289,4.1329,2.0330,5329,3006,56.41
A2015249,2015-09-06,MCD15A3H,Lai_500m,0.1000,6.6000,7085.7969,6.5000,2.4854,3.4771,1.8647,5329,2851,53.50
A2015253,2015-09-10,MCD15A3H,Lai_500m,0.1000,6.9000,8721.7705,6.8000,2.8785,2.9045,1.7043,5329,3030,56.86
A2015257,2015-09-14,MCD15A3H,Lai_500m,0.1000,6.9000,10591.9072,6.8000,3.4637,2.9239,1.7099,5329,3058,57.38
A2015261,2015-09-18,MCD15A3H,Lai_500m,0.1000,6.9000,7143.0771,6.8000,2.5975,2.6462,1.6267,5329,2750,51.60
A2015265,2015-09-22,MCD15A3H,Lai_500m,0.1000,5.4000,3116.5049,5.3000,1.6131,1.4099,1.1874,5329,1932,36.25
A2015269,2015-09-26,MCD15A3H,Lai_500m,0.1000,6.0000,2647.6978,5.9000,1.4024,1.3711,1.1709,5329,1888,35.43
A2015273,2015-09-30,MCD15A3H,Lai_500m,0.1000,6.9000,880.5000,6.8000,1.0322,1.8317,1.3534,5329,853,16.01
A2015277,2015-10-04,MCD15A3H,Lai_500m,0.1000,6.8000,9823.0986,6.7000,3.1464,2.4965,1.5800,5329,3122,58.59
A2015281,2015-10-08,MCD15A3H,Lai_500m,0.1000,6.4000,5526.4058,6.3000,1.7561,1.4105,1.1877,5329,3147,59.05
A2015285,2015-10-12,MCD15A3H,Lai_500m,0.1000,6.8000,9839.2520,6.7000,3.0767,2.5123,1.5850,5329,3198,60.01
A2015289,2015-10-16,MCD15A3H,Lai_500m,0.1000,6.8000,9868.2754,6.7000,3.0858,2.3764,1.5416,5329,3198,60.01
A2015293,2015-10-20,MCD15A3H,Lai_500m,0.1000,6.9000,8584.7695,6.8000,2.6844,2.1548,1.4679,5329,3198,60.01
A2015297,2015-10-24,MCD15A3H,Lai_500m,0.1000,5.2000,2835.5017,5.1000,1.3400,1.8021,1.3424,5329,2116,39.71
A2015301,2015-10-28,MCD15A3H,Lai_500m,0.1000,5.2000,7141.9761,5.1000,2.2382,1.4354,1.1981,5329,3191,59.88
A2015305,2015-11-01,MCD15A3H,Lai_500m,0.1000,2.9000,288.8014,2.8000,0.3496,0.1056,0.3249,5329,826,15.50
A2015309,2015-11-05,MCD15A3H,Lai_500m,0.1000,6.9000,2303.2026,6.8000,0.9641,0.5589,0.7476,5329,2389,44.83
A2015313,2015-11-09,MCD15A3H,Lai_500m,0.1000,6.9000,5984.1982,6.8000,1.8860,0.9111,0.9545,5329,3173,59.54
A2015317,2015-11-13,MCD15A3H,Lai_500m,0.1000,6.0000,5980.6821,5.9000,1.8707,1.0153,1.0076,5329,3197,59.99
A2015321,2015-11-17,MCD15A3H,Lai_500m,0.1000,3.7000,4447.7139,3.6000,1.5427,0.7465,0.8640,5329,2883,54.10
A2015325,2015-11-21,MCD15A3H,Lai_500m,0.1000,4.7000,5445.7837,4.6000,1.7039,0.8864,0.9415,5329,3196,59.97
A2015329,2015-11-25,MCD15A3H,Lai_500m,0.1000,3.8000,5403.3916,3.7000,1.6901,0.7899,0.8888,5329,3197,59.99
A2015333,2015-11-29,MCD15A3H,Lai_500m,0.1000,3.4000,4862.1069,3.3000,1.5237,0.8902,0.9435,5329,3191,59.88
A2015337,2015-12-03,MCD15A3H,Lai_500m,0.1000,3.3000,4859.5928,3.2000,1.5196,0.6663,0.8163,5329,3198,60.01
A2015341,2015-12-07,MCD15A3H,Lai_500m,0.1000,4.3000,5257.5908,4.2000,1.6445,0.7471,0.8643,5329,3197,59.99
A2015345,2015-12-11,MCD15A3H,Lai_500m,0.1000,6.8000,4725.4966,6.7000,1.4790,0.6873,0.8290,5329,3195,59.95
A2015349,2015-12-15,MCD15A3H,Lai_500m,0.1000,4.7000,4825.8276,4.6000,1.5128,0.7854,0.8862,5329,3190,59.86
A2015353,2015-12-19,MCD15A3H,Lai_500m,0.1000,3.0000,4670.4072,2.9000,1.4673,0.6317,0.7948,5329,3183,59.73
A2015357,2015-12-23,MCD15A3H,Lai_500m,0.1000,3.1000,866.8923,3.0000,0.5235,0.3297,0.5742,5329,1656,31.08
A2015361,2015-12-27,MCD15A3H,Lai_500m,0.1000,4.8000,2187.6052,4.7000,0.8925,0.6745,0.8213,5329,2451,45.99
A2015365,2015-12-31,MCD15A3H,Lai_500m,0.1000,0.1000,6.0000,0.0000,0.1000,0.0000,0.0000,5329,60,1.13
A2016001,2016-01-01,MCD15A3H,Lai_500m,0.1000,2.9000,4445.0132,2.8000,1.4210,0.6236,0.7897,5329,3128,58.70
A2016005,2016-01-05,MCD15A3H,Lai_500m,0.1000,3.2000,2507.5100,3.1000,0.8089,0.2779,0.5271,5329,3100,58.17
A2016009,2016-01-09,MCD15A3H,Lai_500m,0.1000,3.2000,4529.5127,3.1000,1.4257,0.7119,0.8437,5329,3177,59.62
A2016013,2016-01-13,MCD15A3H,Lai_500m,0.1000,3.8000,4771.7041,3.7000,1.4958,0.7321,0.8556,5329,3190,59.86
A2016017,2016-01-17,MCD15A3H,Lai_500m,0.1000,3.2000,4699.5015,3.1000,1.4774,0.7086,0.8418,5329,3181,59.69
A2016021,2016-01-21,MCD15A3H,Lai_500m,0.1000,3.0000,3487.7271,2.9000,1.1240,0.5046,0.7103,5329,3103,58.23
A2016025,2016-01-25,MCD15A3H,Lai_500m,0.1000,3.1000,4257.4243,3.0000,1.3397,0.7145,0.8453,5329,3178,59.64
A2016029,2016-01-29,MCD15A3H,Lai_500m,0.1000,3.0000,4642.4082,2.9000,1.4517,0.6619,0.8136,5329,3198,60.01
A2016033,2016-02-02,MCD15A3H,Lai_500m,0.1000,5.6000,4466.9175,5.5000,1.3990,0.7100,0.8426,5329,3193,59.92
A2016037,2016-02-06,MCD15A3H,Lai_500m,0.1000,4.1000,4262.8306,4.0000,1.3439,0.7074,0.8411,5329,3172,59.52
A2016041,2016-02-10,MCD15A3H,Lai_500m,0.1000,3.8000,4828.3086,3.7000,1.5255,0.8647,0.9299,5329,3165,59.39
A2016045,2016-02-14,MCD15A3H,Lai_500m,0.1000,4.4000,5555.9849,4.3000,1.7379,1.1510,1.0728,5329,3197,59.99
A2016057,2016-02-26,MCD15A3H,Lai_500m,0.1000,4.1000,5897.3989,4.0000,1.8447,1.3777,1.1737,5329,3197,59.99
A2016061,2016-03-01,MCD15A3H,Lai_500m,0.1000,6.3000,5636.1875,6.2000,1.7624,1.4001,1.1833,5329,3198,60.01
A2016065,2016-03-05,MCD15A3H,Lai_500m,0.1000,4.5000,5695.5884,4.4000,1.7815,1.4257,1.1940,5329,3197,59.99
A2016069,2016-03-09,MCD15A3H,Lai_500m,0.1000,4.5000,3709.5967,4.4000,1.1658,0.8482,0.9210,5329,3182,59.71
A2016073,2016-03-13,MCD15A3H,Lai_500m,0.1000,4.6000,5625.1987,4.5000,1.7595,1.3696,1.1703,5329,3197,59.99
A2016077,2016-03-17,MCD15A3H,Lai_500m,0.1000,1.8000,1602.2959,1.7000,0.5283,0.0583,0.2414,5329,3033,56.91
A2016081,2016-03-21,MCD15A3H,Lai_500m,0.1000,4.6000,6686.7988,4.5000,2.0916,1.5025,1.2258,5329,3197,59.99
A2016085,2016-03-25,MCD15A3H,Lai_500m,0.1000,4.9000,6645.1865,4.8000,2.0786,1.1049,1.0512,5329,3197,59.99
A2016089,2016-03-29,MCD15A3H,Lai_500m,0.1000,5.6000,7472.4053,5.5000,2.3767,1.8797,1.3710,5329,3144,59.00
A2016093,2016-04-02,MCD15A3H,Lai_500m,0.1000,6.2000,9393.0928,6.1000,2.9372,1.8965,1.3772,5329,3198,60.01
A2016097,2016-04-06,MCD15A3H,Lai_500m,0.2000,6.8000,10275.2480,6.6000,3.2130,3.3535,1.8313,5329,3198,60.01
A2016101,2016-04-10,MCD15A3H,Lai_500m,0.1000,6.6000,5415.4854,6.5000,2.1221,2.6170,1.6177,5329,2552,47.89
A2016105,2016-04-14,MCD15A3H,Lai_500m,0.1000,6.6000,11014.5420,6.5000,3.4464,3.6004,1.8975,5329,3196,59.97
A2016109,2016-04-18,MCD15A3H,Lai_500m,0.1000,6.8000,11768.9053,6.7000,3.7362,3.9173,1.9792,5329,3150,59.11
A2016113,2016-04-22,MCD15A3H,Lai_500m,0.1000,6.8000,11732.2246,6.7000,3.8593,4.0609,2.0152,5329,3040,57.05
A2016117,2016-04-26,MCD15A3H,Lai_500m,0.1000,6.8000,12944.2383,6.7000,4.0692,3.4253,1.8508,5329,3181,59.69
A2016121,2016-04-30,MCD15A3H,Lai_500m,0.1000,6.7000,6032.6196,6.6000,2.5073,4.9072,2.2152,5329,2406,45.15
A2016125,2016-05-04,MCD15A3H,Lai_500m,0.2000,6.8000,12306.1240,6.6000,4.2246,4.5586,2.1351,5329,2913,54.66
A2016129,2016-05-08,MCD15A3H,Lai_500m,0.2000,6.7000,11614.7295,6.5000,3.7907,3.3487,1.8299,5329,3064,57.50
A2016133,2016-05-12,MCD15A3H,Lai_500m,0.1000,6.8000,12867.2871,6.7000,4.1481,3.0387,1.7432,5329,3102,58.21
A2016137,2016-05-16,MCD15A3H,Lai_500m,0.1000,6.6000,520.3996,6.5000,0.9950,0.5816,0.7626,5329,523,9.81
A2016141,2016-05-20,MCD15A3H,Lai_500m,0.1000,6.8000,10709.2002,6.7000,4.0735,4.8597,2.2045,5329,2629,49.33
A2016145,2016-05-24,MCD15A3H,Lai_500m,0.2000,6.9000,14164.5381,6.7000,4.5589,3.5530,1.8849,5329,3107,58.30
A2016149,2016-05-28,MCD15A3H,Lai_500m,0.1000,6.6000,167.5000,6.5000,0.4273,0.4111,0.6412,5329,392,7.36
A2016153,2016-06-01,MCD15A3H,Lai_500m,0.1000,6.8000,13342.9121,6.7000,4.3533,3.6658,1.9146,5329,3065,57.52
A2016157,2016-06-05,MCD15A3H,Lai_500m,0.1000,6.8000,11819.5703,6.7000,4.4924,4.3098,2.0760,5329,2631,49.37
A2016161,2016-06-09,MCD15A3H,Lai_500m,0.1000,6.9000,13358.3945,6.8000,4.3428,3.6461,1.9095,5329,3076,57.72
A2016165,2016-06-13,MCD15A3H,Lai_500m,0.2000,6.8000,13237.4277,6.6000,4.1510,2.9827,1.7270,5329,3189,59.84
A2016169,2016-06-17,MCD15A3H,Lai_500m,0.1000,6.9000,12360.3398,6.8000,4.1174,4.4250,2.1036,5329,3002,56.33
A2016173,2016-06-21,MCD15A3H,Lai_500m,0.3000,6.9000,14227.5957,6.6000,4.5925,3.6675,1.9151,5329,3098,58.13
A2016177,2016-06-25,MCD15A3H,Lai_500m,0.1000,6.9000,7678.2056,6.8000,3.3588,4.7677,2.1835,5329,2286,42.90
A2016181,2016-06-29,MCD15A3H,Lai_500m,0.1000,6.7000,4329.8076,6.6000,2.6146,4.5457,2.1321,5329,1656,31.08
A2016185,2016-07-03,MCD15A3H,Lai_500m,0.3000,6.8000,13040.6309,6.5000,4.2982,3.9416,1.9853,5329,3034,56.93
A2016189,2016-07-07,MCD15A3H,Lai_500m,0.2000,6.9000,12602.0381,6.7000,4.5561,3.5537,1.8851,5329,2766,51.90
A2016193,2016-07-11,MCD15A3H,Lai_500m,0.2000,6.8000,13656.9121,6.6000,4.4398,4.0553,2.0138,5329,3076,57.72
A2016197,2016-07-15,MCD15A3H,Lai_500m,0.1000,6.8000,7035.2100,6.7000,2.7873,2.7695,1.6642,5329,2524,47.36
A2016201,2016-07-19,MCD15A3H,Lai_500m,0.2000,6.8000,11884.9785,6.6000,3.8942,4.4471,2.1088,5329,3052,57.27
A2016205,2016-07-23,MCD15A3H,Lai_500m,0.2000,6.8000,12958.0049,6.6000,4.3807,3.8239,1.9555,5329,2958,55.51
A2016209,2016-07-27,MCD15A3H,Lai_500m,0.1000,6.9000,14332.4863,6.8000,4.5689,3.6838,1.9193,5329,3137,58.87
A2016213,2016-07-31,MCD15A3H,Lai_500m,0.1000,6.9000,7774.3184,6.8000,3.0924,3.8651,1.9660,5329,2514,47.18
A2016217,2016-08-04,MCD15A3H,Lai_500m,0.1000,6.8000,8021.6240,6.7000,3.1681,4.1144,2.0284,5329,2532,47.51
A2016221,2016-08-08,MCD15A3H,Lai_500m,0.1000,6.7000,6379.4268,6.6000,3.1302,5.1482,2.2690,5329,2038,38.24
A2016225,2016-08-12,MCD15A3H,Lai_500m,0.2000,6.9000,12662.1279,6.7000,4.1542,3.9030,1.9756,5329,3048,57.20
A2016229,2016-08-16,MCD15A3H,Lai_500m,0.3000,6.9000,11767.3320,6.6000,3.9581,4.3697,2.0904,5329,2973,55.79
A2016233,2016-08-20,MCD15A3H,Lai_500m,0.1000,6.6000,12576.5967,6.5000,4.0675,3.4770,1.8647,5329,3092,58.02
A2016237,2016-08-24,MCD15A3H,Lai_500m,0.2000,6.9000,12457.5156,6.7000,4.1567,4.0314,2.0078,5329,2997,56.24
A2016241,2016-08-28,MCD15A3H,Lai_500m,0.1000,6.9000,4339.2021,6.8000,2.1696,3.7250,1.9300,5329,2000,37.53
A2016245,2016-09-01,MCD15A3H,Lai_500m,0.1000,6.8000,10127.9043,6.7000,3.4135,2.5724,1.6039,5329,2967,55.68
A2016249,2016-09-05,MCD15A3H,Lai_500m,0.2000,6.9000,13136.3564,6.7000,4.1361,2.9214,1.7092,5329,3176,59.60
A2016253,2016-09-09,MCD15A3H,Lai_500m,0.1000,6.9000,9642.5156,6.8000,3.3727,2.8432,1.6862,5329,2859,53.65
A2016257,2016-09-13,MCD15A3H,Lai_500m,0.1000,6.7000,6957.4106,6.6000,3.0582,3.7978,1.9488,5329,2275,42.69
A2016261,2016-09-17,MCD15A3H,Lai_500m,0.1000,6.8000,7475.7119,6.7000,2.7145,3.5819,1.8926,5329,2754,51.68
A2016265,2016-09-21,MCD15A3H,Lai_500m,0.1000,6.3000,3499.9072,6.2000,1.5583,1.5420,1.2418,5329,2246,42.15
A2016269,2016-09-25,MCD15A3H,Lai_500m,0.1000,6.8000,5258.6948,6.7000,2.1748,2.9386,1.7142,5329,2418,45.37
A2016273,2016-09-29,MCD15A3H,Lai_500m,0.1000,6.6000,9795.5947,6.5000,3.1447,2.5521,1.5975,5329,3115,58.45
A2016277,2016-10-03,MCD15A3H,Lai_500m,0.1000,4.2000,5171.2188,4.1000,1.7488,0.8502,0.9221,5329,2957,55.49
A2016281,2016-10-07,MCD15A3H,Lai_500m,0.1000,6.5000,10200.0840,6.4000,3.2187,2.7459,1.6571,5329,3169,59.47
A2016285,2016-10-11,MCD15A3H,Lai_500m,0.1000,6.6000,10316.5840,6.5000,3.2270,2.6379,1.6242,5329,3197,59.99
A2016289,2016-10-15,MCD15A3H,Lai_500m,0.1000,6.7000,9970.7734,6.6000,3.1188,2.8208,1.6795,5329,3197,59.99
A2016293,2016-10-19,MCD15A3H,Lai_500m,0.1000,6.7000,8441.7793,6.6000,2.6580,2.0489,1.4314,5329,3176,59.60
A2016297,2016-10-23,MCD15A3H,Lai_500m,0.1000,6.9000,9057.3047,6.8000,2.8331,2.6385,1.6244,5329,3197,59.99
A2016301,2016-10-27,MCD15A3H,Lai_500m,0.1000,6.0000,8249.8818,5.9000,2.5797,1.7470,1.3217,5329,3198,60.01
A2016305,2016-10-31,MCD15A3H,Lai_500m,0.1000,6.1000,7957.8735,6.0000,2.4892,1.9226,1.3866,5329,3197,59.99
A2016309,2016-11-04,MCD15A3H,Lai_500m,0.1000,6.6000,6576.5630,6.5000,2.0584,1.1226,1.0595,5329,3195,59.95
A2016313,2016-11-08,MCD15A3H,Lai_500m,0.1000,6.3000,7261.2734,6.2000,2.2720,1.6846,1.2979,5329,3196,59.97
A2016317,2016-11-12,MCD15A3H,Lai_500m,0.1000,6.9000,3526.1233,6.8000,1.7353,1.6576,1.2875,5329,2032,38.13
A2016321,2016-11-16,MCD15A3H,Lai_500m,0.1000,6.8000,6344.7886,6.7000,1.9840,1.0760,1.0373,5329,3198,60.01
A2016325,2016-11-20,MCD15A3H,Lai_500m,0.1000,5.3000,5877.6772,5.2000,1.8385,0.8809,0.9385,5329,3197,59.99
A2016329,2016-11-24,MCD15A3H,Lai_500m,0.1000,4.9000,6041.3765,4.8000,1.8891,1.0302,1.0150,5329,3198,60.01
A2016333,2016-11-28,MCD15A3H,Lai_500m,0.1000,5.0000,5713.4873,4.9000,1.8109,1.3163,1.1473,5329,3155,59.20
A2016337,2016-12-02,MCD15A3H,Lai_500m,0.1000,3.4000,3370.1233,3.3000,1.1351,0.5286,0.7271,5329,2969,55.71
A2016341,2016-12-06,MCD15A3H,Lai_500m,0.1000,3.6000,5228.5938,3.5000,1.6452,0.7973,0.8929,5329,3178,59.64
A2016345,2016-12-10,MCD15A3H,Lai_500m,0.1000,6.2000,5381.8984,6.1000,1.6829,0.8526,0.9234,5329,3198,60.01
A2016349,2016-12-14,MCD15A3H,Lai_500m,0.1000,3.5000,5403.0146,3.4000,1.6937,0.9973,0.9987,5329,3190,59.86
A2016353,2016-12-18,MCD15A3H,Lai_500m,0.1000,3.1000,5026.2974,3.0000,1.5747,0.7491,0.8655,5329,3192,59.90
A2016357,2016-12-22,MCD15A3H,Lai_500m,0.1000,6.9000,5062.3999,6.8000,1.5840,0.8221,0.9067,5329,3196,59.97
A2016361,2016-12-26,MCD15A3H,Lai_500m,0.1000,5.0000,249.8009,4.9000,0.4758,0.3585,0.5988,5329,525,9.85
A2016365,2016-12-30,MCD15A3H,Lai_500m,0.1000,3.6000,5049.2998,3.5000,1.5799,0.8615,0.9282,5329,3196,59.97
A2017001,2017-01-01,MCD15A3H,Lai_500m,0.1000,3.6000,2597.7100,3.5000,1.0521,1.0891,1.0436,5329,2469,46.33
A2017005,2017-01-05,MCD15A3H,Lai_500m,0.1000,3.1000,4839.7007,3.0000,1.5148,0.7190,0.8479,5329,3195,59.95
A2017009,2017-01-09,MCD15A3H,Lai_500m,0.1000,3.4000,4656.2148,3.3000,1.4564,0.7132,0.8445,5329,3197,59.99
A2017013,2017-01-13,MCD15A3H,Lai_500m,0.1000,3.2000,4842.0977,3.1000,1.5146,0.7408,0.8607,5329,3197,59.99
A2017017,2017-01-17,MCD15A3H,Lai_500m,0.1000,4.8000,4980.8970,4.7000,1.5580,0.8128,0.9016,5329,3197,59.99
A2017021,2017-01-21,MCD15A3H,Lai_500m,0.1000,2.9000,4688.3076,2.8000,1.4715,0.6971,0.8349,5329,3186,59.79
A2017025,2017-01-25,MCD15A3H,Lai_500m,0.1000,3.1000,4340.6162,3.0000,1.3573,0.6349,0.7968,5329,3198,60.01
A2017029,2017-01-29,MCD15A3H,Lai_500m,0.1000,3.2000,4813.1060,3.1000,1.5055,0.6852,0.8277,5329,3197,59.99
A2017033,2017-02-02,MCD15A3H,Lai_500m,0.1000,4.7000,5177.7036,4.6000,1.6196,0.9003,0.9489,5329,3197,59.99
A2017037,2017-02-06,MCD15A3H,Lai_500m,0.1000,3.9000,5003.1040,3.8000,1.5644,0.8566,0.9255,5329,3198,60.01
A2017041,2017-02-10,MCD15A3H,Lai_500m,0.1000,4.0000,4971.0107,3.9000,1.5549,0.8292,0.9106,5329,3197,59.99
A2017045,2017-02-14,MCD15A3H,Lai_500m,0.1000,4.7000,5981.8047,4.6000,1.8711,1.4216,1.1923,5329,3197,59.99
A2017049,2017-02-18,MCD15A3H,Lai_500m,0.1000,4.8000,5578.7139,4.7000,1.7450,1.2369,1.1121,5329,3197,59.99
A2017053,2017-02-22,MCD15A3H,Lai_500m,0.1000,5.3000,6214.8062,5.2000,1.9433,2.0267,1.4236,5329,3198,60.01
A2017057,2017-02-26,MCD15A3H,Lai_500m,0.1000,6.5000,5288.0112,6.4000,1.6541,1.1482,1.0715,5329,3197,59.99
A2017061,2017-03-02,MCD15A3H,Lai_500m,0.1000,4.7000,6088.2021,4.6000,1.9038,1.5106,1.2290,5329,3198,60.01
A2017065,2017-03-06,MCD15A3H,Lai_500m,0.1000,5.0000,6021.5049,4.9000,1.8971,1.4901,1.2207,5329,3174,59.56
A2017069,2017-03-10,MCD15A3H,Lai_500m,0.1000,4.6000,6175.6982,4.5000,1.9457,1.6745,1.2940,5329,3174,59.56
A2017073,2017-03-14,MCD15A3H,Lai_500m,0.1000,4.9000,6245.4131,4.8000,1.9529,1.2780,1.1305,5329,3198,60.01
A2017077,2017-03-18,MCD15A3H,Lai_500m,0.1000,4.5000,6397.2046,4.4000,2.0016,1.4520,1.2050,5329,3196,59.97
A2017081,2017-03-22,MCD15A3H,Lai_500m,0.1000,5.1000,7100.5874,5.0000,2.2210,1.7460,1.3214,5329,3197,59.99
A2017085,2017-03-26,MCD15A3H,Lai_500m,0.1000,6.1000,7308.0981,6.0000,2.3105,2.3200,1.5232,5329,3163,59.35
A2017089,2017-03-30,MCD15A3H,Lai_500m,0.1000,6.1000,8003.8013,6.0000,2.5028,2.2822,1.5107,5329,3198,60.01
A2017093,2017-04-03,MCD15A3H,Lai_500m,0.1000,6.2000,7434.4229,6.1000,2.3247,1.9845,1.4087,5329,3198,60.01
A2017097,2017-04-07,MCD15A3H,Lai_500m,0.1000,6.5000,9122.1719,6.4000,2.8525,2.6123,1.6163,5329,3198,60.01
A2017101,2017-04-11,MCD15A3H,Lai_500m,0.1000,6.6000,8081.3062,6.5000,2.6911,4.0155,2.0039,5329,3003,56.35
A2017105,2017-04-15,MCD15A3H,Lai_500m,0.1000,6.6000,10694.4375,6.5000,3.3472,3.9916,1.9979,5329,3195,59.95
A2017109,2017-04-19,MCD15A3H,Lai_500m,0.1000,6.7000,11869.9990,6.6000,3.7292,4.1035,2.0257,5329,3183,59.73
A2017113,2017-04-23,MCD15A3H,Lai_500m,0.1000,6.8000,6878.7114,6.7000,3.2189,5.2304,2.2870,5329,2137,40.10
A2017117,2017-04-27,MCD15A3H,Lai_500m,0.1000,6.8000,9633.8193,6.7000,3.5263,5.3872,2.3210,5329,2732,51.27
A2017121,2017-05-01,MCD15A3H,Lai_500m,0.1000,6.9000,12947.6523,6.8000,4.1000,4.1923,2.0475,5329,3158,59.26
A2017125,2017-05-05,MCD15A3H,Lai_500m,0.1000,6.8000,13727.5303,6.7000,4.3469,4.1649,2.0408,5329,3158,59.26
A2017129,2017-05-09,MCD15A3H,Lai_500m,0.1000,6.9000,11518.3213,6.8000,4.2947,4.4340,2.1057,5329,2682,50.33
A2017133,2017-05-13,MCD15A3H,Lai_500m,0.1000,6.9000,13991.7949,6.8000,4.4475,4.1677,2.0415,5329,3146,59.04
A2017137,2017-05-17,MCD15A3H,Lai_500m,0.2000,6.8000,13724.5205,6.6000,4.3750,4.2384,2.0587,5329,3137,58.87
A2017141,2017-05-21,MCD15A3H,Lai_500m,0.1000,6.6000,694.9998,6.5000,0.8196,1.0270,1.0134,5329,848,15.91
A2017145,2017-05-25,MCD15A3H,Lai_500m,0.2000,6.8000,13683.2773,6.6000,4.3002,4.1121,2.0278,5329,3182,59.71
A2017149,2017-05-29,MCD15A3H,Lai_500m,0.1000,6.9000,11358.3369,6.8000,3.8726,4.0725,2.0180,5329,2933,55.04
A2017153,2017-06-02,MCD15A3H,Lai_500m,0.1000,6.8000,6526.2109,6.7000,2.8954,5.1585,2.2712,5329,2254,42.30
A2017157,2017-06-06,MCD15A3H,Lai_500m,0.1000,6.8000,7498.0947,6.7000,3.0259,3.3198,1.8220,5329,2478,46.50
A2017161,2017-06-10,MCD15A3H,Lai_500m,0.1000,6.8000,10395.7979,6.7000,4.3753,4.7844,2.1873,5329,2376,44.59
A2017165,2017-06-14,MCD15A3H,Lai_500m,0.1000,6.9000,12871.5469,6.8000,4.2621,3.9348,1.9836,5329,3020,56.67
A2017169,2017-06-18,MCD15A3H,Lai_500m,0.1000,6.8000,4915.8013,6.7000,2.6658,4.1316,2.0326,5329,1844,34.60
A2017173,2017-06-22,MCD15A3H,Lai_500m,0.1000,6.9000,9264.0986,6.8000,3.8361,5.5316,2.3519,5329,2415,45.32
A2017177,2017-06-26,MCD15A3H,Lai_500m,0.1000,6.8000,11518.6348,6.7000,4.3615,4.7885,2.1883,5329,2641,49.56
A2017181,2017-06-30,MCD15A3H,Lai_500m,0.1000,6.6000,9809.5293,6.5000,3.2375,3.2803,1.8112,5329,3030,56.86
A2017185,2017-07-04,MCD15A3H,Lai_500m,0.1000,6.8000,12742.4395,6.7000,4.2475,5.2206,2.2849,5329,3000,56.30
A2017189,2017-07-08,MCD15A3H,Lai_500m,0.1000,6.9000,11228.2754,6.8000,4.0964,5.0157,2.2396,5329,2741,51.44
A2017193,2017-07-12,MCD15A3H,Lai_500m,0.3000,6.8000,12767.3076,6.5000,4.3545,4.7894,2.1885,5329,2932,55.02
A2017197,2017-07-16,MCD15A3H,Lai_500m,0.1000,6.7000,5924.7026,6.6000,3.8472,6.2090,2.4918,5329,1540,28.90
A2017201,2017-07-20,MCD15A3H,Lai_500m,0.1000,6.8000,12943.3945,6.7000,4.2133,3.8963,1.9739,5329,3072,57.65
A2017205,2017-07-24,MCD15A3H,Lai_500m,0.1000,6.8000,8868.7119,6.7000,3.1516,3.3639,1.8341,5329,2814,52.81
A2017209,2017-07-28,MCD15A3H,Lai_500m,0.1000,6.8000,11843.8408,6.7000,4.4526,4.6581,2.1583,5329,2660,49.92
A2017213,2017-08-01,MCD15A3H,Lai_500m,0.1000,6.6000,9126.5332,6.5000,3.4220,3.9183,1.9795,5329,2667,50.05
A2017217,2017-08-05,MCD15A3H,Lai_500m,0.1000,6.8000,7137.1069,6.7000,3.1344,4.8760,2.2082,5329,2277,42.73
A2017221,2017-08-09,MCD15A3H,Lai_500m,0.1000,6.8000,8834.1182,6.7000,3.3873,4.7785,2.1860,5329,2608,48.94
A2017225,2017-08-13,MCD15A3H,Lai_500m,0.1000,6.8000,9955.7256,6.7000,3.6085,4.9717,2.2297,5329,2759,51.77
A2017229,2017-08-17,MCD15A3H,Lai_500m,0.1000,6.8000,11665.7129,6.7000,3.9055,4.1936,2.0478,5329,2987,56.05
A2017233,2017-08-21,MCD15A3H,Lai_500m,0.1000,6.9000,9483.2158,6.8000,3.2905,5.0310,2.2430,5329,2882,54.08
A2017237,2017-08-25,MCD15A3H,Lai_500m,0.1000,6.6000,5965.6123,6.5000,2.5636,4.1626,2.0403,5329,2327,43.67
A2017241,2017-08-29,MCD15A3H,Lai_500m,0.1000,6.8000,5551.3149,6.7000,2.6385,4.1088,2.0270,5329,2104,39.48
A2017245,2017-09-02,MCD15A3H,Lai_500m,0.1000,6.9000,11931.9043,6.8000,3.9019,3.7153,1.9275,5329,3058,57.38
A2017249,2017-09-06,MCD15A3H,Lai_500m,0.1000,6.9000,11363.1279,6.8000,3.5621,3.5969,1.8966,5329,3190,59.86
A2017253,2017-09-10,MCD15A3H,Lai_500m,0.1000,6.8000,10398.6416,6.7000,3.5345,3.9490,1.9872,5329,2942,55.21
A2017257,2017-09-14,MCD15A3H,Lai_500m,0.1000,6.9000,10285.3955,6.8000,3.4666,3.9375,1.9843,5329,2967,55.68
A2017261,2017-09-18,MCD15A3H,Lai_500m,0.1000,6.9000,11259.8750,6.8000,3.5487,3.0277,1.7400,5329,3173,59.54
A2017265,2017-09-22,MCD15A3H,Lai_500m,0.1000,6.8000,6817.2065,6.7000,2.2892,2.1623,1.4705,5329,2978,55.88
A2017269,2017-09-26,MCD15A3H,Lai_500m,0.1000,6.7000,11553.5889,6.6000,3.6309,3.0455,1.7451,5329,3182,59.71
A2017273,2017-09-30,MCD15A3H,Lai_500m,0.1000,6.6000,11222.8916,6.5000,3.5959,2.8808,1.6973,5329,3121,58.57
A2017277,2017-10-04,MCD15A3H,Lai_500m,0.1000,6.7000,6893.4058,6.6000,2.3787,2.3065,1.5187,5329,2898,54.38
A2017281,2017-10-08,MCD15A3H,Lai_500m,0.1000,6.5000,3640.1016,6.4000,1.5405,2.1244,1.4575,5329,2363,44.34
A2017285,2017-10-12,MCD15A3H,Lai_500m,0.1000,6.7000,9751.2734,6.6000,3.1224,2.9649,1.7219,5329,3123,58.60
A2017289,2017-10-16,MCD15A3H,Lai_500m,0.1000,6.9000,9556.7842,6.8000,3.0650,2.8640,1.6923,5329,3118,58.51
A2017293,2017-10-20,MCD15A3H,Lai_500m,0.1000,6.5000,8605.9736,6.4000,2.6961,2.0145,1.4193,5329,3192,59.90
A2017297,2017-10-24,MCD15A3H,Lai_500m,0.1000,6.9000,8732.4775,6.8000,2.7944,2.1537,1.4676,5329,3125,58.64
A2017301,2017-10-28,MCD15A3H,Lai_500m,0.1000,6.9000,8451.0693,6.8000,2.6467,2.0594,1.4351,5329,3193,59.92
A2017305,2017-11-01,MCD15A3H,Lai_500m,0.1000,6.9000,8368.0615,6.8000,2.6175,1.9560,1.3986,5329,3197,59.99
A2017309,2017-11-05,MCD15A3H,Lai_500m,0.1000,6.9000,6822.8755,6.8000,2.1442,1.3444,1.1595,5329,3182,59.71
A2017313,2017-11-09,MCD15A3H,Lai_500m,0.1000,5.9000,6223.7764,5.8000,1.9891,1.0221,1.0110,5329,3129,58.72
A2017317,2017-11-13,MCD15A3H,Lai_500m,0.1000,6.7000,6518.6733,6.6000,2.0390,1.1537,1.0741,5329,3197,59.99
A2017321,2017-11-17,MCD15A3H,Lai_500m,0.1000,6.9000,6476.8828,6.8000,2.0259,1.0519,1.0256,5329,3197,59.99
A2017325,2017-11-21,MCD15A3H,Lai_500m,0.1000,6.8000,5688.4893,6.7000,1.8128,1.0874,1.0428,5329,3138,58.89
A2017329,2017-11-25,MCD15A3H,Lai_500m,0.1000,4.8000,5883.6763,4.7000,1.8398,0.8619,0.9284,5329,3198,60.01
A2017333,2017-11-29,MCD15A3H,Lai_500m,0.1000,6.9000,5292.6870,6.8000,1.6654,0.8624,0.9287,5329,3178,59.64
A2017337,2017-12-03,MCD15A3H,Lai_500m,0.1000,4.9000,5114.5059,4.8000,1.6038,0.9341,0.9665,5329,3189,59.84
A2017341,2017-12-07,MCD15A3H,Lai_500m,0.1000,3.3000,5139.9941,3.2000,1.6189,0.7202,0.8487,5329,3175,59.58
A2017345,2017-12-11,MCD15A3H,Lai_500m,0.1000,4.7000,5407.9062,4.6000,1.6916,0.7962,0.8923,5329,3197,59.99
A2017349,2017-12-15,MCD15A3H,Lai_500m,0.1000,4.6000,4702.9175,4.5000,1.4817,0.7619,0.8729,5329,3174,59.56
A2017353,2017-12-19,MCD15A3H,Lai_500m,0.1000,6.5000,5524.9922,6.4000,1.7282,1.1947,1.0930,5329,3197,59.99
A2017357,2017-12-23,MCD15A3H,Lai_500m,0.1000,4.8000,4920.5151,4.7000,1.5405,0.7589,0.8712,5329,3194,59.94
A2017361,2017-12-27,MCD15A3H,Lai_500m,0.1000,4.9000,4822.3115,4.8000,1.5117,0.7859,0.8865,5329,3190,59.86
A2017365,2017-12-31,MCD15A3H,Lai_500m,0.1000,3.8000,4680.7983,3.7000,1.4650,0.7584,0.8709,5329,3195,59.95
A2018001,2018-01-01,MCD15A3H,Lai_500m,0.1000,5.0000,4725.7046,4.9000,1.4796,0.9605,0.9801,5329,3194,59.94
A2018005,2018-01-05,MCD15A3H,Lai_500m,0.1000,6.9000,4752.8110,6.8000,1.4965,1.0321,1.0159,5329,3176,59.60
A2018009,2018-01-09,MCD15A3H,Lai_500m,0.1000,5.1000,4247.2183,5.0000,1.4186,0.9777,0.9888,5329,2994,56.18
A2018013,2018-01-13,MCD15A3H,Lai_500m,0.1000,3.6000,4782.5020,3.5000,1.4973,0.6651,0.8155,5329,3194,59.94
A2018017,2018-01-17,MCD15A3H,Lai_500m,0.1000,3.4000,5064.0981,3.3000,1.5850,0.7890,0.8883,5329,3195,59.95
A2018021,2018-01-21,MCD15A3H,Lai_500m,0.1000,3.1000,4184.1206,3.0000,1.3212,0.7066,0.8406,5329,3167,59.43
A2018025,2018-01-25,MCD15A3H,Lai_500m,0.1000,4.0000,4797.3037,3.9000,1.5010,0.7815,0.8840,5329,3196,59.97
A2018029,2018-01-29,MCD15A3H,Lai_500m,0.1000,3.2000,4689.7993,3.1000,1.4725,0.6778,0.8233,5329,3185,59.77
A2018033,2018-02-02,MCD15A3H,Lai_500m,0.1000,6.1000,2216.1042,6.0000,1.1058,1.0408,1.0202,5329,2004,37.61
A2018037,2018-02-06,MCD15A3H,Lai_500m,0.1000,2.9000,4424.3994,2.8000,1.3835,0.6592,0.8119,5329,3198,60.01
A2018041,2018-02-10,MCD15A3H,Lai_500m,0.1000,2.9000,1336.6956,2.8000,0.7634,0.5262,0.7254,5329,1751,32.86
A2018045,2018-02-14,MCD15A3H,Lai_500m,0.1000,5.5000,4989.0122,5.4000,1.5630,0.9496,0.9745,5329,3192,59.90
A2018049,2018-02-18,MCD15A3H,Lai_500m,0.1000,6.9000,2329.6992,6.8000,0.9428,0.6899,0.8306,5329,2471,46.37
A2018053,2018-02-22,MCD15A3H,Lai_500m,0.1000,5.6000,4969.5142,5.5000,1.5603,1.2886,1.1352,5329,3185,59.77
A2018057,2018-02-26,MCD15A3H,Lai_500m,0.1000,3.7000,4481.8125,3.6000,1.4205,0.7392,0.8598,5329,3155,59.20
A2018061,2018-03-02,MCD15A3H,Lai_500m,0.1000,4.6000,6186.8989,4.5000,1.9370,1.4375,1.1990,5329,3194,59.94
A2018065,2018-03-06,MCD15A3H,Lai_500m,0.1000,4.9000,6503.9038,4.8000,2.0337,1.7125,1.3086,5329,3198,60.01
A2018069,2018-03-10,MCD15A3H,Lai_500m,0.1000,3.8000,5090.9097,3.7000,1.5964,0.8423,0.9177,5329,3189,59.84
A2018073,2018-03-14,MCD15A3H,Lai_500m,0.1000,5.0000,5862.9009,4.9000,1.8385,1.4131,1.1887,5329,3189,59.84
A2018077,2018-03-18,MCD15A3H,Lai_500m,0.1000,6.0000,2493.7039,5.9000,1.1450,1.3059,1.1428,5329,2178,40.87
A2018081,2018-03-22,MCD15A3H,Lai_500m,0.1000,5.8000,6187.5020,5.7000,1.9390,1.3994,1.1830,5329,3191,59.88
A2018085,2018-03-26,MCD15A3H,Lai_500m,0.1000,5.5000,3917.7969,5.4000,1.3267,0.9693,0.9845,5329,2953,55.41
A2018089,2018-03-30,MCD15A3H,Lai_500m,0.1000,5.6000,6907.4097,5.5000,2.1633,2.1165,1.4548,5329,3193,59.92
A2018093,2018-04-03,MCD15A3H,Lai_500m,0.1000,6.2000,8269.3916,6.1000,2.5858,2.5305,1.5908,5329,3198,60.01
A2018097,2018-04-07,MCD15A3H,Lai_500m,0.1000,1.3000,355.5995,1.2000,0.4507,0.0355,0.1884,5329,789,14.81
A2018101,2018-04-11,MCD15A3H,Lai_500m,0.1000,6.6000,9223.6943,6.5000,2.8842,2.7156,1.6479,5329,3198,60.01
A2018105,2018-04-15,MCD15A3H,Lai_500m,0.1000,6.5000,10985.1016,6.4000,3.4350,3.4623,1.8607,5329,3198,60.01
A2018109,2018-04-19,MCD15A3H,Lai_500m,0.1000,6.8000,11193.4248,6.7000,3.5012,3.8085,1.9515,5329,3197,59.99
A2018113,2018-04-23,MCD15A3H,Lai_500m,0.1000,6.6000,11129.0107,6.5000,3.7383,4.5608,2.1356,5329,2977,55.86
A2018117,2018-04-27,MCD15A3H,Lai_500m,0.1000,6.8000,12521.4189,6.7000,3.9154,3.9717,1.9929,5329,3198,60.01
A2018121,2018-05-01,MCD15A3H,Lai_500m,0.2000,6.8000,13213.5498,6.6000,4.1344,3.9778,1.9945,5329,3196,59.97
A2018125,2018-05-05,MCD15A3H,Lai_500m,0.1000,6.6000,10547.5176,6.5000,3.8452,4.6052,2.1460,5329,2743,51.47
A2018129,2018-05-09,MCD15A3H,Lai_500m,0.2000,6.8000,13902.4590,6.6000,4.3554,3.5528,1.8849,5329,3192,59.90
A2018133,2018-05-13,MCD15A3H,Lai_500m,0.1000,6.7000,11428.5146,6.6000,3.9287,4.0027,2.0007,5329,2909,54.59
A2018137,2018-05-17,MCD15A3H,Lai_500m,0.1000,1.1000,84.5999,1.0000,0.2948,0.0508,0.2254,5329,287,5.39
A2018141,2018-05-21,MCD15A3H,Lai_500m,0.1000,6.6000,4741.7949,6.5000,2.3313,3.3556,1.8318,5329,2034,38.17
A2018145,2018-05-25,MCD15A3H,Lai_500m,0.1000,6.6000,4135.8037,6.5000,2.3118,2.6613,1.6314,5329,1789,33.57
A2018149,2018-05-29,MCD15A3H,Lai_500m,0.1000,6.8000,9919.0918,6.7000,3.5350,3.1822,1.7839,5329,2806,52.66
A2018153,2018-06-02,MCD15A3H,Lai_500m,0.2000,6.8000,11881.0137,6.6000,4.3204,3.9230,1.9807,5329,2750,51.60
A2018157,2018-06-06,MCD15A3H,Lai_500m,0.1000,6.8000,11601.8066,6.7000,4.0159,3.5582,1.8863,5329,2889,54.21
A2018161,2018-06-10,MCD15A3H,Lai_500m,0.1000,6.9000,10715.5146,6.8000,4.2589,4.1464,2.0363,5329,2516,47.21
A2018165,2018-06-14,MCD15A3H,Lai_500m,0.1000,6.8000,11423.1943,6.7000,3.8475,4.0533,2.0133,5329,2969,55.71
A2018169,2018-06-18,MCD15A3H,Lai_500m,0.3000,6.9000,12852.4512,6.6000,4.0931,2.8851,1.6986,5329,3140,58.92
A2018173,2018-06-22,MCD15A3H,Lai_500m,0.1000,6.8000,12665.0781,6.7000,4.0881,4.1175,2.0292,5329,3098,58.13
A2018177,2018-06-26,MCD15A3H,Lai_500m,0.1000,6.9000,11293.4990,6.8000,4.0874,4.6900,2.1656,5329,2763,51.85
A2018181,2018-06-30,MCD15A3H,Lai_500m,0.1000,6.8000,9980.8242,6.7000,3.6830,4.2270,2.0560,5329,2710,50.85
A2018185,2018-07-04,MCD15A3H,Lai_500m,0.1000,6.8000,7659.0195,6.7000,3.0747,4.2504,2.0616,5329,2491,46.74
A2018189,2018-07-08,MCD15A3H,Lai_500m,0.1000,6.9000,13698.5645,6.8000,4.4694,4.5709,2.1380,5329,3065,57.52
A2018193,2018-07-12,MCD15A3H,Lai_500m,0.1000,6.8000,12265.4023,6.7000,4.0201,3.6888,1.9206,5329,3051,57.25
A2018197,2018-07-16,MCD15A3H,Lai_500m,0.1000,6.6000,2400.3040,6.5000,1.8407,3.7263,1.9304,5329,1304,24.47
A2018201,2018-07-20,MCD15A3H,Lai_500m,0.1000,6.8000,12594.2822,6.7000,4.2505,3.7895,1.9467,5329,2963,55.60
A2018205,2018-07-24,MCD15A3H,Lai_500m,0.1000,6.6000,2022.3979,6.5000,1.6673,4.9141,2.2168,5329,1213,22.76
A2018209,2018-07-28,MCD15A3H,Lai_500m,0.1000,6.6000,7796.1084,6.5000,2.9576,4.0736,2.0183,5329,2636,49.47
A2018213,2018-08-01,MCD15A3H,Lai_500m,0.1000,6.6000,1459.8965,6.5000,1.3200,1.8261,1.3513,5329,1106,20.75
A2018217,2018-08-05,MCD15A3H,Lai_500m,0.1000,6.8000,13358.0195,6.7000,4.2664,3.8504,1.9622,5329,3131,58.75
A2018221,2018-08-09,MCD15A3H,Lai_500m,0.1000,6.8000,12399.0967,6.7000,4.0493,3.2078,1.7910,5329,3062,57.46
A2018225,2018-08-13,MCD15A3H,Lai_500m,0.1000,6.8000,9768.3438,6.7000,3.8247,3.9669,1.9917,5329,2554,47.93
A2018229,2018-08-17,MCD15A3H,Lai_500m,0.1000,6.9000,11194.7109,6.8000,3.5961,2.8518,1.6887,5329,3113,58.42
A2018233,2018-08-21,MCD15A3H,Lai_500m,0.2000,6.8000,13381.8271,6.6000,4.2401,3.5937,1.8957,5329,3156,59.22
A2018237,2018-08-25,MCD15A3H,Lai_500m,0.1000,6.8000,10262.3076,6.7000,3.5820,3.9206,1.9800,5329,2865,53.76
A2018241,2018-08-29,MCD15A3H,Lai_500m,0.2000,6.8000,11894.9473,6.6000,3.7894,3.6609,1.9134,5329,3139,58.90
A2018245,2018-09-02,MCD15A3H,Lai_500m,0.1000,6.9000,7555.0117,6.8000,2.7745,2.6817,1.6376,5329,2723,51.10
A2018249,2018-09-06,MCD15A3H,Lai_500m,0.1000,6.8000,9732.1104,6.7000,3.2311,4.2443,2.0602,5329,3012,56.52
A2018253,2018-09-10,MCD15A3H,Lai_500m,0.1000,6.7000,7217.5972,6.6000,2.5870,3.4190,1.8491,5329,2790,52.36
A2018257,2018-09-14,MCD15A3H,Lai_500m,0.1000,6.6000,4414.1948,6.5000,2.7956,4.1560,2.0386,5329,1579,29.63
A2018261,2018-09-18,MCD15A3H,Lai_500m,0.1000,6.8000,11139.0781,6.7000,3.5183,2.7312,1.6526,5329,3166,59.41
A2018265,2018-09-22,MCD15A3H,Lai_500m,0.1000,6.7000,8633.1064,6.6000,3.1600,3.6064,1.8991,5329,2732,51.27
A2018269,2018-09-26,MCD15A3H,Lai_500m,0.1000,6.8000,9400.3994,6.7000,2.9890,2.8558,1.6899,5329,3145,59.02
A2018273,2018-09-30,MCD15A3H,Lai_500m,0.1000,6.8000,9448.9766,6.7000,3.0227,3.1213,1.7667,5329,3126,58.66
A2018277,2018-10-04,MCD15A3H,Lai_500m,0.1000,6.8000,9893.0762,6.7000,3.1698,2.3603,1.5363,5329,3121,58.57
A2018281,2018-10-08,MCD15A3H,Lai_500m,0.1000,6.2000,4384.5015,6.1000,1.7794,2.5081,1.5837,5329,2464,46.24
A2018285,2018-10-12,MCD15A3H,Lai_500m,0.1000,6.7000,10951.4248,6.6000,3.4245,2.6414,1.6252,5329,3198,60.01
A2018289,2018-10-16,MCD15A3H,Lai_500m,0.1000,6.9000,8945.9990,6.8000,2.8445,2.6869,1.6392,5329,3145,59.02
A2018293,2018-10-20,MCD15A3H,Lai_500m,0.1000,6.9000,8733.5605,6.8000,2.7525,1.8145,1.3470,5329,3173,59.54
A2018297,2018-10-24,MCD15A3H,Lai_500m,0.1000,6.9000,8513.1641,6.8000,2.8482,2.2099,1.4866,5329,2989,56.09
A2018301,2018-10-28,MCD15A3H,Lai_500m,0.1000,6.9000,9370.8838,6.8000,2.9302,2.3663,1.5383,5329,3198,60.01
A2018305,2018-11-01,MCD15A3H,Lai_500m,0.1000,6.9000,5610.5850,6.8000,1.9770,1.1331,1.0645,5329,2838,53.26
A2018309,2018-11-05,MCD15A3H,Lai_500m,0.1000,2.2000,1311.5944,2.1000,0.6303,0.2016,0.4491,5329,2081,39.05
A2018313,2018-11-09,MCD15A3H,Lai_500m,0.1000,6.9000,3118.4927,6.8000,1.3453,1.1272,1.0617,5329,2318,43.50
A2018317,2018-11-13,MCD15A3H,Lai_500m,0.1000,6.9000,6832.0835,6.8000,2.1444,1.2931,1.1371,5329,3186,59.79
A2018321,2018-11-17,MCD15A3H,Lai_500m,0.1000,6.5000,4562.5078,6.4000,1.4619,0.7337,0.8565,5329,3121,58.57
A2018325,2018-11-21,MCD15A3H,Lai_500m,0.1000,4.9000,6088.7949,4.8000,1.9226,1.1667,1.0802,5329,3167,59.43
A2018329,2018-11-25,MCD15A3H,Lai_500m,0.1000,6.5000,5903.8965,6.4000,1.8519,1.1190,1.0578,5329,3188,59.82
A2018333,2018-11-29,MCD15A3H,Lai_500m,0.1000,4.8000,5931.3877,4.7000,1.8565,0.9588,0.9792,5329,3195,59.95
A2018337,2018-12-03,MCD15A3H,Lai_500m,0.1000,6.1000,5554.1899,6.0000,1.7368,0.8225,0.9069,5329,3198,60.01
A2018341,2018-12-07,MCD15A3H,Lai_500m,0.1000,4.9000,2140.3999,4.8000,1.0139,0.7477,0.8647,5329,2111,39.61
A2018345,2018-12-11,MCD15A3H,Lai_500m,0.1000,5.2000,5094.9004,5.1000,1.6007,0.7415,0.8611,5329,3183,59.73
A2018349,2018-12-15,MCD15A3H,Lai_500m,0.1000,6.6000,5468.8965,6.5000,1.7149,0.8460,0.9198,5329,3189,59.84
A2018353,2018-12-19,MCD15A3H,Lai_500m,0.1000,5.5000,5233.5049,5.4000,1.6421,0.8358,0.9142,5329,3187,59.80
A2018357,2018-12-23,MCD15A3H,Lai_500m,0.1000,6.8000,5375.5112,6.7000,1.6851,0.9177,0.9580,5329,3190,59.86
A2018361,2018-12-27,MCD15A3H,Lai_500m,0.1000,4.0000,2697.8137,3.9000,0.9486,0.3903,0.6247,5329,2844,53.37
A2018365,2018-12-31,MCD15A3H,Lai_500m,0.1000,6.9000,3085.8086,6.8000,1.3475,0.8781,0.9371,5329,2290,42.97
A2019001,2019-01-01,MCD15A3H,Lai_500m,0.1000,6.9000,3084.4087,6.8000,1.3493,0.8779,0.9370,5329,2286,42.90
A2019005,2019-01-05,MCD15A3H,Lai_500m,0.1000,4.0000,5189.2114,3.9000,1.6232,0.8393,0.9161,5329,3197,59.99
A2019009,2019-01-09,MCD15A3H,Lai_500m,0.1000,3.6000,4573.9067,3.5000,1.4383,0.6708,0.8190,5329,3180,59.67
A2019013,2019-01-13,MCD15A3H,Lai_500m,0.1000,6.0000,3839.7329,5.9000,1.2338,0.6296,0.7935,5329,3112,58.40
A2019017,2019-01-17,MCD15A3H,Lai_500m,0.1000,3.1000,3254.3206,3.0000,1.0266,0.4944,0.7032,5329,3170,59.49
A2019021,2019-01-21,MCD15A3H,Lai_500m,0.1000,6.8000,4968.8940,6.7000,1.5552,0.8061,0.8979,5329,3195,59.95
A2019025,2019-01-25,MCD15A3H,Lai_500m,0.1000,4.3000,4734.1943,4.2000,1.4873,0.6905,0.8310,5329,3183,59.73
A2019029,2019-01-29,MCD15A3H,Lai_500m,0.1000,4.0000,4454.6270,3.9000,1.3934,0.7682,0.8765,5329,3197,59.99
A2019033,2019-02-02,MCD15A3H,Lai_500m,0.1000,3.8000,4700.9028,3.7000,1.4806,0.7046,0.8394,5329,3175,59.58
A2019037,2019-02-06,MCD15A3H,Lai_500m,0.1000,5.0000,5189.3066,4.9000,1.6227,1.0559,1.0276,5329,3198,60.01
A2019041,2019-02-10,MCD15A3H,Lai_500m,0.1000,5.5000,1559.7936,5.4000,0.8661,0.6203,0.7876,5329,1801,33.80
A2019045,2019-02-14,MCD15A3H,Lai_500m,0.1000,2.6000,4053.3201,2.5000,1.2698,0.5507,0.7421,5329,3192,59.90
A2019049,2019-02-18,MCD15A3H,Lai_500m,0.1000,4.6000,4490.0269,4.5000,1.4173,1.0917,1.0449,5329,3168,59.45
A2019053,2019-02-22,MCD15A3H,Lai_500m,0.1000,4.0000,5750.4146,3.9000,1.8134,1.2871,1.1345,5329,3171,59.50
A2019057,2019-02-26,MCD15A3H,Lai_500m,0.1000,3.5000,3464.0139,3.4000,1.1272,0.6756,0.8220,5329,3073,57.67
A2019061,2019-03-02,MCD15A3H,Lai_500m,0.1000,5.1000,856.6949,5.0000,0.5398,0.3296,0.5741,5329,1587,29.78
A2019065,2019-03-06,MCD15A3H,Lai_500m,0.1000,4.3000,5697.5171,4.2000,1.7866,1.4714,1.2130,5329,3189,59.84
A2019069,2019-03-10,MCD15A3H,Lai_500m,0.1000,5.6000,5947.1030,5.5000,1.8596,1.4093,1.1871,5329,3198,60.01
A2019073,2019-03-14,MCD15A3H,Lai_500m,0.1000,5.0000,4546.1123,4.9000,1.5655,1.4971,1.2236,5329,2904,54.49
A2019077,2019-03-18,MCD15A3H,Lai_500m,0.1000,5.2000,6042.1982,5.1000,1.8900,1.0864,1.0423,5329,3197,59.99
A2019081,2019-03-22,MCD15A3H,Lai_500m,0.1000,4.9000,6981.3076,4.8000,2.1830,1.6126,1.2699,5329,3198,60.01
A2019085,2019-03-26,MCD15A3H,Lai_500m,0.1000,5.5000,7747.2842,5.4000,2.4241,1.7739,1.3319,5329,3196,59.97
A2019089,2019-03-30,MCD15A3H,Lai_500m,0.1000,2.7000,520.1003,2.6000,0.4635,0.1402,0.3745,5329,1122,21.05
A2019093,2019-04-03,MCD15A3H,Lai_500m,0.1000,6.1000,8926.5781,6.0000,2.7913,2.5508,1.5971,5329,3198,60.01
A2019097,2019-04-07,MCD15A3H,Lai_500m,0.1000,6.5000,5840.5894,6.4000,1.9225,1.7843,1.3358,5329,3038,57.01
A2019101,2019-04-11,MCD15A3H,Lai_500m,0.1000,6.6000,4560.6978,6.5000,2.5694,4.4579,2.1114,5329,1775,33.31
A2019105,2019-04-15,MCD15A3H,Lai_500m,0.1000,6.8000,12052.9971,6.7000,3.7689,3.7107,1.9263,5329,3198,60.01
A2019109,2019-04-19,MCD15A3H,Lai_500m,0.1000,6.6000,11337.8975,6.5000,3.5531,3.1184,1.7659,5329,3191,59.88
A2019113,2019-04-23,MCD15A3H,Lai_500m,0.1000,6.8000,12503.5859,6.7000,3.9110,3.5542,1.8852,5329,3197,59.99
A2019117,2019-04-27,MCD15A3H,Lai_500m,0.1000,6.8000,11508.5361,6.7000,4.1728,4.2461,2.0606,5329,2758,51.75
A2019121,2019-05-01,MCD15A3H,Lai_500m,0.1000,6.7000,4564.5962,6.6000,2.5149,3.9767,1.9942,5329,1815,34.06
A2019125,2019-05-05,MCD15A3H,Lai_500m,0.1000,6.8000,11085.1514,6.7000,3.8895,4.6594,2.1586,5329,2850,53.48
A2019129,2019-05-09,MCD15A3H,Lai_500m,0.1000,6.6000,7260.5083,6.5000,3.4023,4.9146,2.2169,5329,2134,40.05
A2019133,2019-05-13,MCD15A3H,Lai_500m,0.1000,6.8000,12891.7305,6.7000,4.1096,3.8974,1.9742,5329,3137,58.87
A2019137,2019-05-17,MCD15A3H,Lai_500m,0.1000,6.8000,13165.4404,6.7000,4.2428,4.1036,2.0257,5329,3103,58.23
A2019141,2019-05-21,MCD15A3H,Lai_500m,0.1000,6.7000,12274.2080,6.6000,3.8465,2.8847,1.6984,5329,3191,59.88
A2019145,2019-05-25,MCD15A3H,Lai_500m,0.1000,6.8000,14550.2822,6.7000,4.5612,3.6139,1.9010,5329,3190,59.86
A2019149,2019-05-29,MCD15A3H,Lai_500m,0.2000,6.8000,13814.4902,6.6000,4.4263,3.2592,1.8053,5329,3121,58.57
A2019153,2019-06-02,MCD15A3H,Lai_500m,0.1000,6.8000,11716.8584,6.7000,4.3396,4.7202,2.1726,5329,2700,50.67
A2019157,2019-06-06,MCD15A3H,Lai_500m,0.1000,6.6000,842.0998,6.5000,1.2975,2.5069,1.5833,5329,649,12.18
A2019161,2019-06-10,MCD15A3H,Lai_500m,0.1000,6.8000,4969.2080,6.7000,2.7500,4.0861,2.0214,5329,1807,33.91
A2019165,2019-06-14,MCD15A3H,Lai_500m,0.1000,6.8000,13186.9551,6.7000,4.3123,4.1870,2.0462,5329,3058,57.38
A2019169,2019-06-18,MCD15A3H,Lai_500m,0.1000,6.9000,12868.0098,6.8000,4.2794,3.9741,1.9935,5329,3007,56.43
A2019173,2019-06-22,MCD15A3H,Lai_500m,0.1000,6.8000,12541.5215,6.7000,3.9217,2.7912,1.6707,5329,3198,60.01
A2019177,2019-06-26,MCD15A3H,Lai_500m,0.2000,6.9000,14244.7461,6.7000,4.5409,3.8219,1.9550,5329,3137,58.87
A2019181,2019-06-30,MCD15A3H,Lai_500m,0.2000,6.8000,12013.0713,6.6000,3.8764,3.5668,1.8886,5329,3099,58.15
A2019185,2019-07-04,MCD15A3H,Lai_500m,0.1000,6.8000,4178.6978,6.7000,2.1867,3.3494,1.8301,5329,1911,35.86
A2019189,2019-07-08,MCD15A3H,Lai_500m,0.1000,6.7000,10640.0986,6.6000,3.5058,2.8411,1.6855,5329,3035,56.95
A2019193,2019-07-12,MCD15A3H,Lai_500m,0.1000,6.9000,12980.5420,6.8000,4.1752,4.0235,2.0059,5329,3109,58.34
A2019197,2019-07-16,MCD15A3H,Lai_500m,0.2000,6.8000,10804.7998,6.6000,4.2272,5.1241,2.2637,5329,2556,47.96
A2019201,2019-07-20,MCD15A3H,Lai_500m,0.1000,6.8000,14010.8262,6.7000,4.4296,3.5447,1.8827,5329,3163,59.35
A2019205,2019-07-24,MCD15A3H,Lai_500m,0.1000,6.8000,12862.6426,6.7000,4.0756,4.2491,2.0613,5329,3156,59.22
A2019209,2019-07-28,MCD15A3H,Lai_500m,0.1000,6.9000,12887.4951,6.8000,4.1056,3.5743,1.8906,5329,3139,58.90
A2019213,2019-08-01,MCD15A3H,Lai_500m,0.1000,6.9000,9629.6416,6.8000,3.9369,5.0849,2.2550,5329,2446,45.90
A2019217,2019-08-05,MCD15A3H,Lai_500m,0.1000,6.9000,12798.8018,6.8000,4.1528,3.9000,1.9748,5329,3082,57.83
A2019221,2019-08-09,MCD15A3H,Lai_500m,0.1000,6.9000,11328.3311,6.8000,3.8375,3.8413,1.9599,5329,2952,55.40
A2019225,2019-08-13,MCD15A3H,Lai_500m,0.1000,6.7000,11792.0176,6.6000,4.0945,3.5788,1.8918,5329,2880,54.04
A2019229,2019-08-17,MCD15A3H,Lai_500m,0.1000,6.6000,7842.7163,6.5000,3.4903,4.7008,2.1681,5329,2247,42.17
A2019233,2019-08-21,MCD15A3H,Lai_500m,0.1000,6.9000,11183.5811,6.8000,3.6099,3.8410,1.9598,5329,3098,58.13
A2019237,2019-08-25,MCD15A3H,Lai_500m,0.1000,6.8000,12317.1055,6.7000,3.9784,3.7635,1.9400,5329,3096,58.10
A2019241,2019-08-29,MCD15A3H,Lai_500m,0.1000,6.9000,10935.0850,6.8000,3.7746,3.9841,1.9960,5329,2897,54.36
A2019245,2019-09-02,MCD15A3H,Lai_500m,0.1000,6.6000,5924.5146,6.5000,2.4054,2.9851,1.7277,5329,2463,46.22
A2019249,2019-09-06,MCD15A3H,Lai_500m,0.1000,6.9000,13127.1885,6.8000,4.1332,3.2045,1.7901,5329,3176,59.60
A2019253,2019-09-10,MCD15A3H,Lai_500m,0.1000,6.8000,10598.0586,6.7000,3.3968,3.3193,1.8219,5329,3120,58.55
A2019257,2019-09-14,MCD15A3H,Lai_500m,0.1000,6.6000,10216.5996,6.5000,3.2872,3.5275,1.8782,5329,3108,58.32
A2019261,2019-09-18,MCD15A3H,Lai_500m,0.1000,6.8000,10168.5029,6.7000,3.3383,3.3343,1.8260,5329,3046,57.16
A2019265,2019-09-22,MCD15A3H,Lai_500m,0.1000,6.9000,11186.3936,6.8000,3.4990,2.8441,1.6865,5329,3197,59.99
A2019269,2019-09-26,MCD15A3H,Lai_500m,0.1000,6.7000,10310.9023,6.6000,3.2242,2.5979,1.6118,5329,3198,60.01
A2019273,2019-09-30,MCD15A3H,Lai_500m,0.1000,6.7000,10497.6855,6.6000,3.2929,2.7768,1.6664,5329,3188,59.82
A2019277,2019-10-04,MCD15A3H,Lai_500m,0.1000,6.7000,10467.5693,6.6000,3.4546,2.9914,1.7296,5329,3030,56.86
A2019281,2019-10-08,MCD15A3H,Lai_500m,0.1000,6.8000,9306.2891,6.7000,2.9857,2.6497,1.6278,5329,3117,58.49
A2019285,2019-10-12,MCD15A3H,Lai_500m,0.1000,6.4000,5817.8013,6.3000,2.0616,1.6109,1.2692,5329,2822,52.96
A2019289,2019-10-16,MCD15A3H,Lai_500m,0.1000,6.6000,9089.0117,6.5000,2.9206,3.1879,1.7855,5329,3112,58.40
A2019293,2019-10-20,MCD15A3H,Lai_500m,0.1000,6.9000,8500.2822,6.8000,2.7770,2.3267,1.5254,5329,3061,57.44
A2019297,2019-10-24,MCD15A3H,Lai_500m,0.1000,6.9000,4615.2021,6.8000,1.6795,1.9788,1.4067,5329,2748,51.57
A2019301,2019-10-28,MCD15A3H,Lai_500m,0.1000,5.7000,4275.5112,5.6000,1.6079,1.1062,1.0517,5329,2659,49.90
A2019305,2019-11-01,MCD15A3H,Lai_500m,0.1000,6.9000,8672.4658,6.8000,2.7246,2.1900,1.4799,5329,3183,59.73
A2019309,2019-11-05,MCD15A3H,Lai_500m,0.1000,6.9000,6108.1909,6.8000,1.9864,1.2366,1.1120,5329,3075,57.70
A2019313,2019-11-09,MCD15A3H,Lai_500m,0.1000,6.9000,6148.1831,6.8000,1.9456,1.0545,1.0269,5329,3160,59.30
A2019317,2019-11-13,MCD15A3H,Lai_500m,0.1000,4.6000,3884.9170,4.5000,1.5870,0.8722,0.9339,5329,2448,45.94
A2019321,2019-11-17,MCD15A3H,Lai_500m,0.1000,6.6000,5926.3940,6.5000,1.8754,1.1184,1.0575,5329,3160,59.30
A2019325,2019-11-21,MCD15A3H,Lai_500m,0.1000,6.9000,6599.7739,6.8000,2.0644,1.3168,1.1475,5329,3197,59.99
A2019329,2019-11-25,MCD15A3H,Lai_500m,0.1000,5.0000,5724.5059,4.9000,1.7923,0.9461,0.9727,5329,3194,59.94
A2019333,2019-11-29,MCD15A3H,Lai_500m,0.1000,6.5000,5246.3022,6.4000,1.6482,1.0339,1.0168,5329,3183,59.73
A2019337,2019-12-03,MCD15A3H,Lai_500m,0.1000,6.2000,6012.2896,6.1000,1.8818,1.0309,1.0153,5329,3195,59.95
A2019341,2019-12-07,MCD15A3H,Lai_500m,0.1000,4.8000,5784.1006,4.7000,1.8104,1.0672,1.0330,5329,3195,59.95
A2019345,2019-12-11,MCD15A3H,Lai_500m,0.1000,6.1000,5115.8154,6.0000,1.6027,0.7960,0.8922,5329,3192,59.90
A2019349,2019-12-15,MCD15A3H,Lai_500m,0.1000,6.9000,5304.5015,6.8000,1.6660,0.8812,0.9387,5329,3184,59.75
A2019353,2019-12-19,MCD15A3H,Lai_500m,0.1000,5.9000,5410.7002,5.8000,1.7025,0.8919,0.9444,5329,3178,59.64
A2019357,2019-12-23,MCD15A3H,Lai_500m,0.1000,6.2000,5349.4902,6.1000,1.6849,1.0939,1.0459,5329,3175,59.58
A2019361,2019-12-27,MCD15A3H,Lai_500m,0.1000,5.1000,2781.1113,5.0000,1.0106,0.6541,0.8088,5329,2752,51.64
A2019365,2019-12-31,MCD15A3H,Lai_500m,0.1000,5.5000,4746.5063,5.4000,1.5252,0.8526,0.9234,5329,3112,58.40
A2020001,2020-01-01,MCD15A3H,Lai_500m,0.1000,5.5000,4810.0059,5.4000,1.5481,0.9475,0.9734,5329,3107,58.30
A2020005,2020-01-05,MCD15A3H,Lai_500m,0.1000,6.8000,5227.0918,6.7000,1.6448,0.8494,0.9216,5329,3178,59.64
A2020009,2020-01-09,MCD15A3H,Lai_500m,0.1000,3.0000,3060.2249,2.9000,1.0768,0.4765,0.6903,5329,2842,53.33
A2020013,2020-01-13,MCD15A3H,Lai_500m,0.1000,3.2000,2177.6086,3.1000,0.7876,0.4347,0.6593,5329,2765,51.89
A2020017,2020-01-17,MCD15A3H,Lai_500m,0.1000,6.9000,5151.6030,6.8000,1.6109,0.8846,0.9405,5329,3198,60.01
A2020021,2020-01-21,MCD15A3H,Lai_500m,0.1000,4.7000,4894.7139,4.6000,1.5320,0.8237,0.9076,5329,3195,59.95
A2020025,2020-01-25,MCD15A3H,Lai_500m,0.1000,4.1000,4517.1172,4.0000,1.4187,0.7468,0.8642,5329,3184,59.75
A2020029,2020-01-29,MCD15A3H,Lai_500m,0.1000,2.4000,767.6923,2.3000,0.5691,0.2547,0.5046,5329,1349,25.31
A2020033,2020-02-02,MCD15A3H,Lai_500m,0.1000,3.8000,4908.2021,3.7000,1.5353,0.7490,0.8654,5329,3197,59.99
A2020037,2020-02-06,MCD15A3H,Lai_500m,0.1000,6.4000,5348.1001,6.3000,1.6755,1.0529,1.0261,5329,3192,59.90
A2020041,2020-02-10,MCD15A3H,Lai_500m,0.1000,4.1000,1834.3948,4.0000,0.7007,0.3386,0.5819,5329,2618,49.13
A2020045,2020-02-14,MCD15A3H,Lai_500m,0.1000,4.4000,5582.5010,4.3000,1.7610,1.5724,1.2539,5329,3170,59.49
A2020049,2020-02-18,MCD15A3H,Lai_500m,0.1000,5.9000,5662.2021,5.8000,1.8265,1.6179,1.2720,5329,3100,58.17
A2020053,2020-02-22,MCD15A3H,Lai_500m,0.1000,3.1000,3855.8225,3.0000,1.2080,0.5997,0.7744,5329,3192,59.90
A2020057,2020-02-26,MCD15A3H,Lai_500m,0.1000,4.1000,6056.2104,4.0000,1.9238,1.5770,1.2558,5329,3148,59.07
A2020061,2020-03-01,MCD15A3H,Lai_500m,0.1000,4.9000,5796.2222,4.8000,1.8153,1.5704,1.2532,5329,3193,59.92
A2020065,2020-03-05,MCD15A3H,Lai_500m,0.1000,4.3000,5528.0244,4.2000,1.7384,1.2468,1.1166,5329,3180,59.67
A2020069,2020-03-09,MCD15A3H,Lai_500m,0.1000,5.4000,5968.2065,5.3000,1.8680,1.7314,1.3158,5329,3195,59.95
A2020073,2020-03-13,MCD15A3H,Lai_500m,0.1000,5.7000,4284.1099,5.6000,1.3405,0.8655,0.9303,5329,3196,59.97
A2020077,2020-03-17,MCD15A3H,Lai_500m,0.1000,6.1000,5722.6011,6.0000,1.8001,1.3725,1.1715,5329,3179,59.65
A2020081,2020-03-21,MCD15A3H,Lai_500m,0.1000,6.6000,6867.1738,6.5000,2.3869,2.3477,1.5322,5329,2877,53.99
A2020085,2020-03-25,MCD15A3H,Lai_500m,0.1000,6.2000,8657.3955,6.1000,2.7088,2.7529,1.6592,5329,3196,59.97
A2020089,2020-03-29,MCD15A3H,Lai_500m,0.1000,6.2000,8276.4023,6.1000,2.5888,2.7690,1.6640,5329,3197,59.99
A2020093,2020-04-02,MCD15A3H,Lai_500m,0.1000,6.6000,10289.5186,6.5000,3.2175,3.6434,1.9088,5329,3198,60.01
A2020097,2020-04-06,MCD15A3H,Lai_500m,0.1000,6.8000,11531.9785,6.7000,3.6083,4.0556,2.0139,5329,3196,59.97
A2020101,2020-04-10,MCD15A3H,Lai_500m,0.1000,6.6000,11672.1475,6.5000,3.6510,3.9438,1.9859,5329,3197,59.99
A2020105,2020-04-14,MCD15A3H,Lai_500m,0.1000,6.8000,11871.2520,6.7000,3.7167,3.3498,1.8302,5329,3194,59.94
A2020109,2020-04-18,MCD15A3H,Lai_500m,0.1000,6.8000,12010.4443,6.7000,3.7698,3.9706,1.9926,5329,3186,59.79
A2020113,2020-04-22,MCD15A3H,Lai_500m,0.1000,6.8000,10458.9297,6.7000,4.1936,4.4974,2.1207,5329,2494,46.80
A2020117,2020-04-26,MCD15A3H,Lai_500m,0.1000,6.9000,13054.2988,6.8000,4.0859,3.4919,1.8687,5329,3195,59.95
A2020121,2020-04-30,MCD15A3H,Lai_500m,0.1000,6.8000,13018.0840,6.7000,4.0720,3.5308,1.8790,5329,3197,59.99
A2020125,2020-05-04,MCD15A3H,Lai_500m,0.1000,6.9000,13683.1328,6.8000,4.2961,3.8191,1.9542,5329,3185,59.77
A2020129,2020-05-08,MCD15A3H,Lai_500m,0.1000,6.8000,13272.5283,6.7000,4.2527,3.9774,1.9943,5329,3121,58.57
A2020133,2020-05-12,MCD15A3H,Lai_500m,0.1000,6.8000,11508.5879,6.7000,3.6293,2.6243,1.6200,5329,3171,59.50
A2020137,2020-05-16,MCD15A3H,Lai_500m,0.1000,6.9000,10667.8887,6.8000,3.5069,3.3037,1.8176,5329,3042,57.08
A2020141,2020-05-20,MCD15A3H,Lai_500m,0.1000,6.8000,9379.3760,6.7000,3.2165,2.2532,1.5011,5329,2916,54.72
A2020145,2020-05-24,MCD15A3H,Lai_500m,0.1000,6.6000,1936.6002,6.5000,2.1614,5.0873,2.2555,5329,896,16.81
A2020149,2020-05-28,MCD15A3H,Lai_500m,0.1000,6.7000,8873.3975,6.6000,3.5881,4.1280,2.0318,5329,2473,46.41
A2020153,2020-06-01,MCD15A3H,Lai_500m,0.1000,6.8000,12778.4707,6.7000,4.3852,3.7969,1.9486,5329,2914,54.68
A2020157,2020-06-05,MCD15A3H,Lai_500m,0.1000,6.8000,6269.3164,6.7000,3.4315,4.8319,2.1982,5329,1827,34.28
A2020161,2020-06-09,MCD15A3H,Lai_500m,0.1000,6.7000,5128.1001,6.6000,2.5437,4.1450,2.0359,5329,2016,37.83
A2020165,2020-06-13,MCD15A3H,Lai_500m,0.1000,6.6000,129.3999,6.5000,0.6075,0.9667,0.9832,5329,213,4.00
A2020169,2020-06-17,MCD15A3H,Lai_500m,0.1000,6.8000,9924.3086,6.7000,3.6433,4.4944,2.1200,5329,2724,51.12
A2020173,2020-06-21,MCD15A3H,Lai_500m,0.1000,6.9000,13619.3359,6.8000,4.5172,4.0096,2.0024,5329,3015,56.58
A2020177,2020-06-25,MCD15A3H,Lai_500m,0.2000,6.8000,11590.3662,6.6000,4.2832,5.2846,2.2988,5329,2706,50.78
A2020181,2020-06-29,MCD15A3H,Lai_500m,0.1000,6.9000,10745.1973,6.8000,3.5841,3.7007,1.9237,5329,2998,56.26
A2020185,2020-07-03,MCD15A3H,Lai_500m,0.1000,6.9000,12261.7988,6.8000,4.2122,4.3246,2.0796,5329,2911,54.63
A2020189,2020-07-07,MCD15A3H,Lai_500m,0.1000,6.6000,5559.7153,6.5000,2.3954,3.9584,1.9896,5329,2321,43.55
A2020193,2020-07-11,MCD15A3H,Lai_500m,0.1000,6.8000,12786.8779,6.7000,4.4154,4.5760,2.1392,5329,2896,54.34
A2020197,2020-07-15,MCD15A3H,Lai_500m,0.1000,6.9000,12578.7363,6.8000,4.1174,4.0867,2.0215,5329,3055,57.33
A2020201,2020-07-19,MCD15A3H,Lai_500m,0.1000,6.9000,13050.1074,6.8000,4.2412,3.5763,1.8911,5329,3077,57.74
A2020205,2020-07-23,MCD15A3H,Lai_500m,0.1000,6.8000,9842.7939,6.7000,3.4916,3.8379,1.9590,5329,2819,52.90
A2020209,2020-07-27,MCD15A3H,Lai_500m,0.1000,6.8000,12573.7295,6.7000,4.3568,4.0723,2.0180,5329,2886,54.16
A2020213,2020-07-31,MCD15A3H,Lai_500m,0.1000,6.8000,12580.9385,6.7000,3.9952,3.6840,1.9194,5329,3149,59.09
A2020217,2020-08-04,MCD15A3H,Lai_500m,0.1000,6.8000,10048.8750,6.7000,3.4711,2.7477,1.6576,5329,2895,54.33
A2020221,2020-08-08,MCD15A3H,Lai_500m,0.1000,6.9000,13329.8584,6.8000,4.3349,3.6223,1.9032,5329,3075,57.70
A2020225,2020-08-12,MCD15A3H,Lai_500m,0.1000,6.6000,6308.2085,6.5000,3.0474,5.1153,2.2617,5329,2070,38.84
A2020229,2020-08-16,MCD15A3H,Lai_500m,0.1000,6.9000,9681.3242,6.8000,3.7773,5.1862,2.2773,5329,2563,48.10
A2020233,2020-08-20,MCD15A3H,Lai_500m,0.1000,6.6000,5022.5054,6.5000,2.2174,2.7221,1.6499,5329,2265,42.50
A2020237,2020-08-24,MCD15A3H,Lai_500m,0.1000,6.6000,9725.6035,6.5000,3.3560,4.7695,2.1839,5329,2898,54.38
A2020241,2020-08-28,MCD15A3H,Lai_500m,0.1000,6.8000,6700.2007,6.7000,3.0277,4.6130,2.1478,5329,2213,41.53
A2020245,2020-09-01,MCD15A3H,Lai_500m,0.1000,6.6000,12782.3711,6.5000,4.0221,3.0227,1.7386,5329,3178,59.64
A2020249,2020-09-05,MCD15A3H,Lai_500m,0.1000,6.6000,6483.0210,6.5000,2.5031,2.2435,1.4978,5329,2590,48.60
A2020253,2020-09-09,MCD15A3H,Lai_500m,0.1000,6.6000,4616.4019,6.5000,1.9076,2.0962,1.4478,5329,2420,45.41
A2020257,2020-09-13,MCD15A3H,Lai_500m,0.1000,6.8000,5049.1035,6.7000,2.2430,2.8243,1.6806,5329,2251,42.24
A2020261,2020-09-17,MCD15A3H,Lai_500m,0.1000,6.9000,1464.9973,6.8000,1.0266,1.5164,1.2314,5329,1427,26.78
A2020265,2020-09-21,MCD15A3H,Lai_500m,0.1000,6.8000,10740.8096,6.7000,3.3597,2.5162,1.5863,5329,3197,59.99
A2020269,2020-09-25,MCD15A3H,Lai_500m,0.1000,6.7000,1435.6003,6.6000,1.3751,2.1616,1.4703,5329,1044,19.59
A2020273,2020-09-29,MCD15A3H,Lai_500m,0.1000,6.7000,10453.3857,6.6000,3.2883,2.3785,1.5422,5329,3179,59.65
A2020277,2020-10-03,MCD15A3H,Lai_500m,0.1000,0.7000,111.4999,0.6000,0.2787,0.0221,0.1487,5329,400,7.51
A2020281,2020-10-07,MCD15A3H,Lai_500m,0.1000,6.6000,10185.5996,6.5000,3.2202,2.3704,1.5396,5329,3163,59.35
A2020285,2020-10-11,MCD15A3H,Lai_500m,0.1000,6.6000,6913.8818,6.5000,2.5531,2.9021,1.7035,5329,2708,50.82
A2020289,2020-10-15,MCD15A3H,Lai_500m,0.1000,6.9000,8366.1670,6.8000,2.6425,1.9332,1.3904,5329,3166,59.41
A2020293,2020-10-19,MCD15A3H,Lai_500m,0.1000,6.7000,4201.3032,6.6000,1.6316,1.0823,1.0404,5329,2575,48.32
A2020297,2020-10-23,MCD15A3H,Lai_500m,0.1000,6.9000,9296.4697,6.8000,2.9097,2.1359,1.4615,5329,3195,59.95
A2020301,2020-10-27,MCD15A3H,Lai_500m,0.1000,6.9000,8316.3818,6.8000,2.6013,1.6918,1.3007,5329,3197,59.99
A2020305,2020-10-31,MCD15A3H,Lai_500m,0.1000,6.9000,7676.5806,6.8000,2.4004,1.5409,1.2413,5329,3198,60.01
A2020309,2020-11-04,MCD15A3H,Lai_500m,0.1000,6.6000,6802.1982,6.5000,2.2339,1.8339,1.3542,5329,3045,57.14
A2020313,2020-11-08,MCD15A3H,Lai_500m,0.1000,6.8000,4342.5273,6.7000,1.4538,1.4568,1.2070,5329,2987,56.05
A2020317,2020-11-12,MCD15A3H,Lai_500m,0.1000,6.6000,3633.0134,6.5000,1.3279,0.9071,0.9524,5329,2736,51.34
A2020321,2020-11-16,MCD15A3H,Lai_500m,0.1000,6.9000,6383.5796,6.8000,1.9992,0.9988,0.9994,5329,3193,59.92
A2020325,2020-11-20,MCD15A3H,Lai_500m,0.1000,6.9000,6561.3755,6.8000,2.0562,1.2003,1.0956,5329,3191,59.88
A2020329,2020-11-24,MCD15A3H,Lai_500m,0.1000,6.9000,5052.5068,6.8000,1.6194,0.8190,0.9050,5329,3120,58.55
A2020333,2020-11-28,MCD15A3H,Lai_500m,0.1000,5.1000,5371.6953,5.0000,1.7042,0.9811,0.9905,5329,3152,59.15
A2020337,2020-12-02,MCD15A3H,Lai_500m,0.1000,6.9000,6075.7803,6.8000,1.9011,1.0178,1.0088,5329,3196,59.97
A2020341,2020-12-06,MCD15A3H,Lai_500m,0.1000,4.8000,5143.3071,4.7000,1.6103,0.7891,0.8883,5329,3194,59.94
A2020345,2020-12-10,MCD15A3H,Lai_500m,0.1000,6.9000,5902.6987,6.8000,1.8469,1.2144,1.1020,5329,3196,59.97
A2020349,2020-12-14,MCD15A3H,Lai_500m,0.1000,6.9000,1205.5964,6.8000,1.2571,1.4679,1.2116,5329,959,18.00
A2020353,2020-12-18,MCD15A3H,Lai_500m,0.1000,6.9000,5571.3857,6.8000,1.7443,0.9672,0.9834,5329,3194,59.94
A2020357,2020-12-22,MCD15A3H,Lai_500m,0.1000,5.1000,5002.0112,5.0000,1.5641,0.7425,0.8617,5329,3198,60.01
A2020361,2020-12-26,MCD15A3H,Lai_500m,0.1000,6.8000,5697.6782,6.7000,1.7889,0.9920,0.9960,5329,3185,59.77
A2020365,2020-12-30,MCD15A3H,Lai_500m,0.1000,3.2000,842.1985,3.1000,0.3934,0.1115,0.3339,5329,2141,40.18
